ts,action,actionOption,actionSub,actionSubOption,condition,conditionSub1Option,conditionSub2Option,place,emotionPositive,emotionTension,activity
1600371000.0,sleep,111,,,ALONE,,,home,5,1,3
1600371060.0,sleep,111,,,ALONE,,,home,5,1,3
1600371120.0,sleep,111,,,ALONE,,,home,5,1,3
1600371180.0,sleep,111,,,ALONE,,,home,5,1,3
1600371240.0,sleep,111,,,ALONE,,,home,5,1,3
1600371300.0,sleep,111,,,ALONE,,,home,5,1,3
1600371360.0,sleep,111,,,ALONE,,,home,5,1,3
1600371420.0,sleep,111,,,ALONE,,,home,5,1,3
1600371480.0,sleep,111,,,ALONE,,,home,5,1,3
1600371540.0,sleep,111,,,ALONE,,,home,5,1,3
1600371600.0,sleep,111,,,ALONE,,,home,5,1,3
1600371660.0,sleep,111,,,ALONE,,,home,5,1,3
1600371720.0,sleep,111,,,ALONE,,,home,5,1,3
1600371780.0,sleep,111,,,ALONE,,,home,5,1,3
1600371840.0,sleep,111,,,ALONE,,,home,5,1,3
1600371900.0,sleep,111,,,ALONE,,,home,5,1,3
1600371960.0,sleep,111,,,ALONE,,,home,5,1,3
1600372020.0,sleep,111,,,ALONE,,,home,5,1,3
1600372080.0,sleep,111,,,ALONE,,,home,5,1,3
1600372140.0,sleep,111,,,ALONE,,,home,5,1,3
1600372200.0,sleep,111,,,ALONE,,,home,5,1,3
1600372260.0,sleep,111,,,ALONE,,,home,5,1,3
1600372320.0,sleep,111,,,ALONE,,,home,5,1,3
1600372380.0,sleep,111,,,ALONE,,,home,5,1,3
1600372440.0,sleep,111,,,ALONE,,,home,5,1,3
1600372500.0,sleep,111,,,ALONE,,,home,5,1,3
1600372560.0,sleep,111,,,ALONE,,,home,5,1,3
1600372620.0,sleep,111,,,ALONE,,,home,5,1,3
1600372680.0,sleep,111,,,ALONE,,,home,5,1,3
1600372740.0,sleep,111,,,ALONE,,,home,5,1,3
1600372800.0,sleep,111,,,ALONE,,,home,5,1,3
1600372860.0,sleep,111,,,ALONE,,,home,5,1,3
1600372920.0,sleep,111,,,ALONE,,,home,5,1,3
1600372980.0,sleep,111,,,ALONE,,,home,5,1,3
1600373040.0,sleep,111,,,ALONE,,,home,5,1,3
1600373100.0,sleep,111,,,ALONE,,,home,5,1,3
1600373160.0,sleep,111,,,ALONE,,,home,5,1,3
1600373220.0,sleep,111,,,ALONE,,,home,5,1,3
1600373280.0,sleep,111,,,ALONE,,,home,5,1,3
1600373340.0,sleep,111,,,ALONE,,,home,5,1,3
1600373400.0,sleep,111,,,ALONE,,,home,5,1,3
1600373460.0,sleep,111,,,ALONE,,,home,5,1,3
1600373520.0,sleep,111,,,ALONE,,,home,5,1,3
1600373580.0,sleep,111,,,ALONE,,,home,5,1,3
1600373640.0,sleep,111,,,ALONE,,,home,5,1,3
1600373700.0,sleep,111,,,ALONE,,,home,5,1,3
1600373760.0,sleep,111,,,ALONE,,,home,5,1,3
1600373820.0,sleep,111,,,ALONE,,,home,5,1,3
1600373880.0,sleep,111,,,ALONE,,,home,5,1,3
1600373940.0,sleep,111,,,ALONE,,,home,5,1,3
1600374000.0,sleep,111,,,ALONE,,,home,5,1,3
1600374060.0,sleep,111,,,ALONE,,,home,5,1,3
1600374120.0,sleep,111,,,ALONE,,,home,5,1,3
1600374180.0,sleep,111,,,ALONE,,,home,5,1,3
1600374240.0,sleep,111,,,ALONE,,,home,5,1,3
1600374300.0,sleep,111,,,ALONE,,,home,5,1,3
1600374360.0,sleep,111,,,ALONE,,,home,5,1,3
1600374420.0,sleep,111,,,ALONE,,,home,5,1,3
1600374480.0,sleep,111,,,ALONE,,,home,5,1,3
1600374540.0,sleep,111,,,ALONE,,,home,5,1,3
1600374600.0,sleep,111,,,ALONE,,,home,5,1,3
1600374660.0,sleep,111,,,ALONE,,,home,5,1,3
1600374720.0,sleep,111,,,ALONE,,,home,5,1,3
1600374780.0,sleep,111,,,ALONE,,,home,5,1,3
1600374840.0,sleep,111,,,ALONE,,,home,5,1,3
1600374900.0,sleep,111,,,ALONE,,,home,5,1,3
1600374960.0,sleep,111,,,ALONE,,,home,5,1,3
1600375020.0,sleep,111,,,ALONE,,,home,5,1,3
1600375080.0,sleep,111,,,ALONE,,,home,5,1,3
1600375140.0,sleep,111,,,ALONE,,,home,5,1,3
1600375200.0,sleep,111,,,ALONE,,,home,5,1,3
1600375260.0,sleep,111,,,ALONE,,,home,5,1,3
1600375320.0,sleep,111,,,ALONE,,,home,5,1,3
1600375380.0,sleep,111,,,ALONE,,,home,5,1,3
1600375440.0,sleep,111,,,ALONE,,,home,5,1,3
1600375500.0,sleep,111,,,ALONE,,,home,5,1,3
1600375560.0,sleep,111,,,ALONE,,,home,5,1,3
1600375620.0,sleep,111,,,ALONE,,,home,5,1,3
1600375680.0,sleep,111,,,ALONE,,,home,5,1,3
1600375740.0,sleep,111,,,ALONE,,,home,5,1,3
1600375800.0,sleep,111,,,ALONE,,,home,5,1,3
1600375860.0,sleep,111,,,ALONE,,,home,5,1,3
1600375920.0,sleep,111,,,ALONE,,,home,5,1,3
1600375980.0,sleep,111,,,ALONE,,,home,5,1,3
1600376040.0,sleep,111,,,ALONE,,,home,5,1,3
1600376100.0,sleep,111,,,ALONE,,,home,5,1,3
1600376160.0,sleep,111,,,ALONE,,,home,5,1,3
1600376220.0,sleep,111,,,ALONE,,,home,5,1,3
1600376280.0,sleep,111,,,ALONE,,,home,5,1,3
1600376340.0,sleep,111,,,ALONE,,,home,5,1,3
1600376400.0,sleep,111,,,ALONE,,,home,5,1,3
1600376460.0,sleep,111,,,ALONE,,,home,5,1,3
1600376520.0,sleep,111,,,ALONE,,,home,5,1,3
1600376580.0,sleep,111,,,ALONE,,,home,5,1,3
1600376640.0,sleep,111,,,ALONE,,,home,5,1,3
1600376700.0,sleep,111,,,ALONE,,,home,5,1,3
1600376760.0,sleep,111,,,ALONE,,,home,5,1,3
1600376820.0,sleep,111,,,ALONE,,,home,5,1,3
1600376880.0,sleep,111,,,ALONE,,,home,5,1,3
1600376940.0,sleep,111,,,ALONE,,,home,5,1,3
1600377000.0,sleep,111,,,ALONE,,,home,5,1,3
1600377060.0,sleep,111,,,ALONE,,,home,5,1,3
1600377120.0,sleep,111,,,ALONE,,,home,5,1,3
1600377180.0,sleep,111,,,ALONE,,,home,5,1,3
1600377240.0,sleep,111,,,ALONE,,,home,5,1,3
1600377300.0,sleep,111,,,ALONE,,,home,5,1,3
1600377360.0,sleep,111,,,ALONE,,,home,5,1,3
1600377420.0,sleep,111,,,ALONE,,,home,5,1,3
1600377480.0,sleep,111,,,ALONE,,,home,5,1,3
1600377540.0,sleep,111,,,ALONE,,,home,5,1,3
1600377600.0,sleep,111,,,ALONE,,,home,5,1,3
1600377660.0,sleep,111,,,ALONE,,,home,5,1,3
1600377720.0,sleep,111,,,ALONE,,,home,5,1,3
1600377780.0,sleep,111,,,ALONE,,,home,5,1,3
1600377840.0,sleep,111,,,ALONE,,,home,5,1,3
1600377900.0,sleep,111,,,ALONE,,,home,5,1,3
1600377960.0,sleep,111,,,ALONE,,,home,5,1,3
1600378020.0,sleep,111,,,ALONE,,,home,5,1,3
1600378080.0,sleep,111,,,ALONE,,,home,5,1,3
1600378140.0,sleep,111,,,ALONE,,,home,5,1,3
1600378200.0,sleep,111,,,ALONE,,,home,5,1,3
1600378260.0,sleep,111,,,ALONE,,,home,5,1,3
1600378320.0,sleep,111,,,ALONE,,,home,5,1,3
1600378380.0,sleep,111,,,ALONE,,,home,5,1,3
1600378440.0,sleep,111,,,ALONE,,,home,5,1,3
1600378500.0,sleep,111,,,ALONE,,,home,5,1,3
1600378560.0,sleep,111,,,ALONE,,,home,5,1,3
1600378620.0,sleep,111,,,ALONE,,,home,5,1,3
1600378680.0,sleep,111,,,ALONE,,,home,5,1,3
1600378740.0,sleep,111,,,ALONE,,,home,5,1,3
1600378800.0,sleep,111,,,ALONE,,,home,5,1,3
1600378860.0,sleep,111,,,ALONE,,,home,5,1,3
1600378920.0,sleep,111,,,ALONE,,,home,5,1,3
1600378980.0,sleep,111,,,ALONE,,,home,5,1,3
1600379040.0,sleep,111,,,ALONE,,,home,5,1,3
1600379100.0,sleep,111,,,ALONE,,,home,5,1,3
1600379160.0,sleep,111,,,ALONE,,,home,5,1,3
1600379220.0,sleep,111,,,ALONE,,,home,5,1,3
1600379280.0,sleep,111,,,ALONE,,,home,5,1,3
1600379340.0,sleep,111,,,ALONE,,,home,5,1,3
1600379400.0,sleep,111,,,ALONE,,,home,5,1,3
1600379460.0,sleep,111,,,ALONE,,,home,5,1,3
1600379520.0,sleep,111,,,ALONE,,,home,5,1,3
1600379580.0,sleep,111,,,ALONE,,,home,5,1,3
1600379640.0,sleep,111,,,ALONE,,,home,5,1,3
1600379700.0,sleep,111,,,ALONE,,,home,5,1,3
1600379760.0,sleep,111,,,ALONE,,,home,5,1,3
1600379820.0,sleep,111,,,ALONE,,,home,5,1,3
1600379880.0,sleep,111,,,ALONE,,,home,5,1,3
1600379940.0,sleep,111,,,ALONE,,,home,5,1,3
1600380000.0,sleep,111,,,ALONE,,,home,5,1,3
1600380060.0,sleep,111,,,ALONE,,,home,5,1,3
1600380120.0,sleep,111,,,ALONE,,,home,5,1,3
1600380180.0,sleep,111,,,ALONE,,,home,5,1,3
1600380240.0,sleep,111,,,ALONE,,,home,5,1,3
1600380300.0,sleep,111,,,ALONE,,,home,5,1,3
1600380360.0,sleep,111,,,ALONE,,,home,5,1,3
1600380420.0,sleep,111,,,ALONE,,,home,5,1,3
1600380480.0,sleep,111,,,ALONE,,,home,5,1,3
1600380540.0,sleep,111,,,ALONE,,,home,5,1,3
1600380600.0,sleep,111,,,ALONE,,,home,5,1,3
1600380660.0,sleep,111,,,ALONE,,,home,5,1,3
1600380720.0,sleep,111,,,ALONE,,,home,5,1,3
1600380780.0,sleep,111,,,ALONE,,,home,5,1,3
1600380840.0,sleep,111,,,ALONE,,,home,5,1,3
1600380900.0,sleep,111,,,ALONE,,,home,5,1,3
1600380960.0,sleep,111,,,ALONE,,,home,5,1,3
1600381020.0,sleep,111,,,ALONE,,,home,5,1,3
1600381080.0,sleep,111,,,ALONE,,,home,5,1,3
1600381140.0,sleep,111,,,ALONE,,,home,5,1,3
1600381200.0,sleep,111,,,ALONE,,,home,5,1,3
1600381260.0,sleep,111,,,ALONE,,,home,5,1,3
1600381320.0,sleep,111,,,ALONE,,,home,5,1,3
1600381380.0,sleep,111,,,ALONE,,,home,5,1,3
1600381440.0,sleep,111,,,ALONE,,,home,5,1,3
1600381500.0,sleep,111,,,ALONE,,,home,5,1,3
1600381560.0,sleep,111,,,ALONE,,,home,5,1,3
1600381620.0,sleep,111,,,ALONE,,,home,5,1,3
1600381680.0,sleep,111,,,ALONE,,,home,5,1,3
1600381740.0,sleep,111,,,ALONE,,,home,5,1,3
1600381800.0,sleep,111,,,ALONE,,,home,5,1,3
1600381860.0,sleep,111,,,ALONE,,,home,5,1,3
1600381920.0,sleep,111,,,ALONE,,,home,5,1,3
1600381980.0,sleep,111,,,ALONE,,,home,5,1,3
1600382040.0,sleep,111,,,ALONE,,,home,5,1,3
1600382100.0,sleep,111,,,ALONE,,,home,5,1,3
1600382160.0,sleep,111,,,ALONE,,,home,5,1,3
1600382220.0,sleep,111,,,ALONE,,,home,5,1,3
1600382280.0,sleep,111,,,ALONE,,,home,5,1,3
1600382340.0,sleep,111,,,ALONE,,,home,5,1,3
1600382400.0,sleep,111,,,ALONE,,,home,5,1,3
1600382460.0,sleep,111,,,ALONE,,,home,5,1,3
1600382520.0,sleep,111,,,ALONE,,,home,5,1,3
1600382580.0,sleep,111,,,ALONE,,,home,5,1,3
1600382640.0,sleep,111,,,ALONE,,,home,5,1,3
1600382700.0,sleep,111,,,ALONE,,,home,5,1,3
1600382760.0,sleep,111,,,ALONE,,,home,5,1,3
1600382820.0,sleep,111,,,ALONE,,,home,5,1,3
1600382880.0,sleep,111,,,ALONE,,,home,5,1,3
1600382940.0,sleep,111,,,ALONE,,,home,5,1,3
1600383000.0,sleep,111,,,ALONE,,,home,5,1,3
1600383060.0,sleep,111,,,ALONE,,,home,5,1,3
1600383120.0,sleep,111,,,ALONE,,,home,5,1,3
1600383180.0,sleep,111,,,ALONE,,,home,5,1,3
1600383240.0,sleep,111,,,ALONE,,,home,5,1,3
1600383300.0,sleep,111,,,ALONE,,,home,5,1,3
1600383360.0,sleep,111,,,ALONE,,,home,5,1,3
1600383420.0,sleep,111,,,ALONE,,,home,5,1,3
1600383480.0,sleep,111,,,ALONE,,,home,5,1,3
1600383540.0,sleep,111,,,ALONE,,,home,5,1,3
1600383600.0,sleep,111,,,ALONE,,,home,5,1,3
1600383660.0,sleep,111,,,ALONE,,,home,5,1,3
1600383720.0,sleep,111,,,ALONE,,,home,5,1,3
1600383780.0,sleep,111,,,ALONE,,,home,5,1,3
1600383840.0,sleep,111,,,ALONE,,,home,5,1,3
1600383900.0,sleep,111,,,ALONE,,,home,5,1,3
1600383960.0,sleep,111,,,ALONE,,,home,5,1,3
1600384020.0,sleep,111,,,ALONE,,,home,5,1,3
1600384080.0,sleep,111,,,ALONE,,,home,5,1,3
1600384140.0,sleep,111,,,ALONE,,,home,5,1,3
1600384200.0,sleep,111,,,ALONE,,,home,5,1,3
1600384260.0,sleep,111,,,ALONE,,,home,5,1,3
1600384320.0,sleep,111,,,ALONE,,,home,5,1,3
1600384380.0,sleep,111,,,ALONE,,,home,5,1,3
1600384440.0,sleep,111,,,ALONE,,,home,5,1,3
1600384500.0,sleep,111,,,ALONE,,,home,5,1,3
1600384560.0,sleep,111,,,ALONE,,,home,5,1,3
1600384620.0,sleep,111,,,ALONE,,,home,5,1,3
1600384680.0,sleep,111,,,ALONE,,,home,5,1,3
1600384740.0,sleep,111,,,ALONE,,,home,5,1,3
1600384800.0,sleep,111,,,ALONE,,,home,5,1,3
1600384860.0,sleep,111,,,ALONE,,,home,5,1,3
1600384920.0,sleep,111,,,ALONE,,,home,5,1,3
1600384980.0,sleep,111,,,ALONE,,,home,5,1,3
1600385040.0,sleep,111,,,ALONE,,,home,5,1,3
1600385100.0,sleep,111,,,ALONE,,,home,5,1,3
1600385160.0,sleep,111,,,ALONE,,,home,5,1,3
1600385220.0,sleep,111,,,ALONE,,,home,5,1,3
1600385280.0,sleep,111,,,ALONE,,,home,5,1,3
1600385340.0,sleep,111,,,ALONE,,,home,5,1,3
1600385400.0,sleep,111,,,ALONE,,,home,5,1,3
1600385460.0,sleep,111,,,ALONE,,,home,5,1,3
1600385520.0,sleep,111,,,ALONE,,,home,5,1,3
1600385580.0,sleep,111,,,ALONE,,,home,5,1,3
1600385640.0,sleep,111,,,ALONE,,,home,5,1,3
1600385700.0,sleep,111,,,ALONE,,,home,5,1,3
1600385760.0,sleep,111,,,ALONE,,,home,5,1,3
1600385820.0,sleep,111,,,ALONE,,,home,5,1,3
1600385880.0,sleep,111,,,ALONE,,,home,5,1,3
1600385940.0,sleep,111,,,ALONE,,,home,5,1,3
1600386000.0,sleep,111,,,ALONE,,,home,5,1,3
1600386060.0,sleep,111,,,ALONE,,,home,5,1,3
1600386120.0,sleep,111,,,ALONE,,,home,5,1,3
1600386180.0,sleep,111,,,ALONE,,,home,5,1,3
1600386240.0,sleep,111,,,ALONE,,,home,5,1,3
1600386300.0,sleep,111,,,ALONE,,,home,5,1,3
1600386360.0,sleep,111,,,ALONE,,,home,5,1,3
1600386420.0,sleep,111,,,ALONE,,,home,5,1,3
1600386480.0,sleep,111,,,ALONE,,,home,5,1,3
1600386540.0,sleep,111,,,ALONE,,,home,5,1,3
1600386600.0,sleep,111,,,ALONE,,,home,5,1,3
1600386660.0,sleep,111,,,ALONE,,,home,5,1,3
1600386720.0,sleep,111,,,ALONE,,,home,5,1,3
1600386780.0,sleep,111,,,ALONE,,,home,5,1,3
1600386840.0,sleep,111,,,ALONE,,,home,5,1,3
1600386900.0,sleep,111,,,ALONE,,,home,5,1,3
1600386960.0,sleep,111,,,ALONE,,,home,5,1,3
1600387020.0,sleep,111,,,ALONE,,,home,5,1,3
1600387080.0,sleep,111,,,ALONE,,,home,5,1,3
1600387140.0,sleep,111,,,ALONE,,,home,5,1,3
1600387200.0,sleep,111,,,ALONE,,,home,5,1,3
1600387260.0,sleep,111,,,ALONE,,,home,5,1,3
1600387320.0,sleep,111,,,ALONE,,,home,5,1,3
1600387380.0,sleep,111,,,ALONE,,,home,5,1,3
1600387440.0,sleep,111,,,ALONE,,,home,5,1,3
1600387500.0,sleep,111,,,ALONE,,,home,5,1,3
1600387560.0,sleep,111,,,ALONE,,,home,5,1,3
1600387620.0,sleep,111,,,ALONE,,,home,5,1,3
1600387680.0,sleep,111,,,ALONE,,,home,5,1,3
1600387740.0,sleep,111,,,ALONE,,,home,5,1,3
1600387800.0,sleep,111,,,ALONE,,,home,5,1,3
1600387860.0,sleep,111,,,ALONE,,,home,5,1,3
1600387920.0,sleep,111,,,ALONE,,,home,5,1,3
1600387980.0,sleep,111,,,ALONE,,,home,5,1,3
1600388040.0,sleep,111,,,ALONE,,,home,5,1,3
1600388100.0,sleep,111,,,ALONE,,,home,5,1,3
1600388160.0,sleep,111,,,ALONE,,,home,5,1,3
1600388220.0,sleep,111,,,ALONE,,,home,5,1,3
1600388280.0,sleep,111,,,ALONE,,,home,5,1,3
1600388340.0,sleep,111,,,ALONE,,,home,5,1,3
1600388400.0,sleep,111,,,ALONE,,,home,5,1,3
1600388460.0,sleep,111,,,ALONE,,,home,5,1,3
1600388520.0,sleep,111,,,ALONE,,,home,5,1,3
1600388580.0,sleep,111,,,ALONE,,,home,5,1,3
1600388640.0,sleep,111,,,ALONE,,,home,5,1,3
1600388700.0,sleep,111,,,ALONE,,,home,5,1,3
1600388760.0,sleep,111,,,ALONE,,,home,5,1,3
1600388820.0,sleep,111,,,ALONE,,,home,5,1,3
1600388880.0,sleep,111,,,ALONE,,,home,5,1,3
1600388940.0,sleep,111,,,ALONE,,,home,5,1,3
1600389000.0,sleep,111,,,ALONE,,,home,5,1,3
1600389060.0,sleep,111,,,ALONE,,,home,5,1,3
1600389120.0,sleep,111,,,ALONE,,,home,5,1,3
1600389180.0,sleep,111,,,ALONE,,,home,5,1,3
1600389240.0,sleep,111,,,ALONE,,,home,5,1,3
1600389300.0,sleep,111,,,ALONE,,,home,5,1,3
1600389360.0,sleep,111,,,ALONE,,,home,5,1,3
1600389420.0,sleep,111,,,ALONE,,,home,5,1,3
1600389480.0,sleep,111,,,ALONE,,,home,5,1,3
1600389540.0,sleep,111,,,ALONE,,,home,5,1,3
1600389600.0,sleep,111,,,ALONE,,,home,5,1,3
1600389660.0,sleep,111,,,ALONE,,,home,5,1,3
1600389720.0,sleep,111,,,ALONE,,,home,5,1,3
1600389780.0,sleep,111,,,ALONE,,,home,5,1,3
1600389840.0,sleep,111,,,ALONE,,,home,5,1,3
1600389900.0,sleep,111,,,ALONE,,,home,5,1,3
1600389960.0,sleep,111,,,ALONE,,,home,5,1,3
1600390020.0,sleep,111,,,ALONE,,,home,5,1,3
1600390080.0,sleep,111,,,ALONE,,,home,5,1,3
1600390140.0,sleep,111,,,ALONE,,,home,5,1,3
1600390200.0,sleep,111,,,ALONE,,,home,5,1,3
1600390260.0,sleep,111,,,ALONE,,,home,5,1,3
1600390320.0,sleep,111,,,ALONE,,,home,5,1,3
1600390380.0,sleep,111,,,ALONE,,,home,5,1,3
1600390440.0,sleep,111,,,ALONE,,,home,5,1,3
1600390500.0,sleep,111,,,ALONE,,,home,5,1,3
1600390560.0,sleep,111,,,ALONE,,,home,5,1,3
1600390620.0,sleep,111,,,ALONE,,,home,5,1,3
1600390680.0,sleep,111,,,ALONE,,,home,5,1,3
1600390740.0,sleep,111,,,ALONE,,,home,5,1,3
1600390800.0,sleep,111,,,ALONE,,,home,5,1,3
1600390860.0,sleep,111,,,ALONE,,,home,5,1,3
1600390920.0,sleep,111,,,ALONE,,,home,5,1,3
1600390980.0,sleep,111,,,ALONE,,,home,5,1,3
1600391040.0,sleep,111,,,ALONE,,,home,5,1,3
1600391100.0,sleep,111,,,ALONE,,,home,5,1,3
1600391160.0,sleep,111,,,ALONE,,,home,5,1,3
1600391220.0,sleep,111,,,ALONE,,,home,5,1,3
1600391280.0,sleep,111,,,ALONE,,,home,5,1,3
1600391340.0,sleep,111,,,ALONE,,,home,5,1,3
1600391400.0,sleep,111,,,ALONE,,,home,5,1,3
1600391460.0,sleep,111,,,ALONE,,,home,5,1,3
1600391520.0,sleep,111,,,ALONE,,,home,5,1,3
1600391580.0,sleep,111,,,ALONE,,,home,5,1,3
1600391640.0,sleep,111,,,ALONE,,,home,5,1,3
1600391700.0,sleep,111,,,ALONE,,,home,5,1,3
1600391760.0,sleep,111,,,ALONE,,,home,5,1,3
1600391820.0,sleep,111,,,ALONE,,,home,5,1,3
1600391880.0,sleep,111,,,ALONE,,,home,5,1,3
1600391940.0,sleep,111,,,ALONE,,,home,5,1,3
1600392000.0,sleep,111,,,ALONE,,,home,5,1,3
1600392060.0,sleep,111,,,ALONE,,,home,5,1,3
1600392120.0,sleep,111,,,ALONE,,,home,5,1,3
1600392180.0,sleep,111,,,ALONE,,,home,5,1,3
1600392240.0,sleep,111,,,ALONE,,,home,5,1,3
1600392300.0,sleep,111,,,ALONE,,,home,5,1,3
1600392360.0,sleep,111,,,ALONE,,,home,5,1,3
1600392420.0,sleep,111,,,ALONE,,,home,5,1,3
1600392480.0,sleep,111,,,ALONE,,,home,5,1,3
1600392540.0,sleep,111,,,ALONE,,,home,5,1,3
1600392600.0,sleep,111,,,ALONE,,,home,5,1,3
1600392660.0,sleep,111,,,ALONE,,,home,5,1,3
1600392720.0,sleep,111,,,ALONE,,,home,5,1,3
1600392780.0,sleep,111,,,ALONE,,,home,5,1,3
1600392840.0,sleep,111,,,ALONE,,,home,5,1,3
1600392900.0,sleep,111,,,ALONE,,,home,5,1,3
1600392960.0,sleep,111,,,ALONE,,,home,5,1,3
1600393020.0,sleep,111,,,ALONE,,,home,5,1,3
1600393080.0,sleep,111,,,ALONE,,,home,5,1,3
1600393140.0,sleep,111,,,ALONE,,,home,5,1,3
1600393200.0,sleep,111,,,ALONE,,,home,5,1,3
1600393260.0,sleep,111,,,ALONE,,,home,5,1,3
1600393320.0,sleep,111,,,ALONE,,,home,5,1,3
1600393380.0,sleep,111,,,ALONE,,,home,5,1,3
1600393440.0,sleep,111,,,ALONE,,,home,5,1,3
1600393500.0,sleep,111,,,ALONE,,,home,5,1,3
1600393560.0,sleep,111,,,ALONE,,,home,5,1,3
1600393620.0,sleep,111,,,ALONE,,,home,5,1,3
1600393680.0,sleep,111,,,ALONE,,,home,5,1,3
1600393740.0,sleep,111,,,ALONE,,,home,5,1,3
1600393800.0,sleep,111,,,ALONE,,,home,5,1,3
1600393860.0,sleep,111,,,ALONE,,,home,5,1,3
1600393920.0,sleep,111,,,ALONE,,,home,5,1,3
1600393980.0,sleep,111,,,ALONE,,,home,5,1,3
1600394040.0,sleep,111,,,ALONE,,,home,5,1,3
1600394100.0,sleep,111,,,ALONE,,,home,5,1,3
1600394160.0,sleep,111,,,ALONE,,,home,5,1,3
1600394220.0,sleep,111,,,ALONE,,,home,5,1,3
1600394280.0,sleep,111,,,ALONE,,,home,5,1,3
1600394340.0,sleep,111,,,ALONE,,,home,5,1,3
1600394400.0,socialising,713,,,ALONE,2,2,home,6,1,3
1600394460.0,socialising,713,,,ALONE,2,2,home,6,1,3
1600394520.0,socialising,713,,,ALONE,2,2,home,6,1,3
1600394580.0,socialising,713,,,ALONE,2,2,home,6,1,3
1600394640.0,socialising,713,,,ALONE,2,2,home,6,1,3
1600394700.0,socialising,713,,,ALONE,2,2,home,6,1,3
1600394760.0,socialising,713,,,ALONE,2,2,home,6,1,3
1600394820.0,socialising,713,,,ALONE,2,2,home,6,1,3
1600394880.0,socialising,713,,,ALONE,2,2,home,6,1,3
1600394940.0,socialising,713,,,ALONE,2,2,home,6,1,3
1600395000.0,socialising,713,,,ALONE,2,2,home,6,1,3
1600395060.0,socialising,713,,,ALONE,2,2,home,6,1,3
1600395120.0,socialising,713,,,ALONE,2,2,home,6,1,3
1600395180.0,socialising,713,,,ALONE,2,2,home,6,1,3
1600395240.0,socialising,713,,,ALONE,2,2,home,6,1,3
1600395300.0,socialising,713,,,ALONE,2,2,home,6,1,3
1600395360.0,socialising,713,,,ALONE,2,2,home,6,1,3
1600395420.0,socialising,713,,,ALONE,2,2,home,6,1,3
1600395480.0,socialising,713,,,ALONE,2,2,home,6,1,3
1600395540.0,socialising,713,,,ALONE,2,2,home,6,1,3
1600395600.0,socialising,713,,,ALONE,2,2,home,6,1,3
1600395660.0,socialising,713,,,ALONE,2,2,home,6,1,3
1600395720.0,socialising,713,,,ALONE,2,2,home,6,1,3
1600395780.0,socialising,713,,,ALONE,2,2,home,6,1,3
1600395840.0,socialising,713,,,ALONE,2,2,home,6,1,3
1600395900.0,socialising,713,,,ALONE,2,2,home,6,1,3
1600395960.0,socialising,713,,,ALONE,2,2,home,6,1,3
1600396020.0,socialising,713,,,ALONE,2,2,home,6,1,3
1600396080.0,socialising,713,,,ALONE,2,2,home,6,1,3
1600396140.0,socialising,713,,,ALONE,2,2,home,6,1,3
1600396200.0,socialising,713,,,ALONE,2,2,home,6,1,3
1600396260.0,socialising,713,,,ALONE,2,2,home,6,1,3
1600396320.0,socialising,713,,,ALONE,2,2,home,6,1,3
1600396380.0,socialising,713,,,ALONE,2,2,home,6,1,3
1600396440.0,socialising,713,,,ALONE,2,2,home,6,1,3
1600396500.0,socialising,713,,,ALONE,2,2,home,6,1,3
1600396560.0,socialising,713,,,ALONE,2,2,home,6,1,3
1600396620.0,socialising,713,,,ALONE,2,2,home,6,1,3
1600396680.0,socialising,713,,,ALONE,2,2,home,6,1,3
1600396740.0,socialising,713,,,ALONE,2,2,home,6,1,3
1600396800.0,socialising,713,,,ALONE,2,2,home,6,1,3
1600396860.0,socialising,713,,,ALONE,2,2,home,6,1,3
1600396920.0,socialising,713,,,ALONE,2,2,home,6,1,3
1600396980.0,socialising,713,,,ALONE,2,2,home,6,1,3
1600397040.0,socialising,713,,,ALONE,2,2,home,6,1,3
1600397100.0,socialising,713,,,ALONE,2,2,home,6,1,3
1600397160.0,socialising,713,,,ALONE,2,2,home,6,1,3
1600397220.0,socialising,713,,,ALONE,2,2,home,6,1,3
1600397280.0,socialising,713,,,ALONE,2,2,home,6,1,3
1600397340.0,socialising,713,,,ALONE,2,2,home,6,1,3
1600397400.0,socialising,713,,,ALONE,2,2,home,6,1,3
1600397460.0,socialising,713,,,ALONE,2,2,home,6,1,3
1600397520.0,socialising,713,,,ALONE,2,2,home,6,1,3
1600397580.0,socialising,713,,,ALONE,2,2,home,6,1,3
1600397640.0,socialising,713,,,ALONE,2,2,home,6,1,3
1600397700.0,socialising,713,,,ALONE,2,2,home,6,1,3
1600397760.0,socialising,713,,,ALONE,2,2,home,6,1,3
1600397820.0,socialising,713,,,ALONE,2,2,home,6,1,3
1600397880.0,socialising,713,,,ALONE,2,2,home,6,1,3
1600397940.0,socialising,713,,,ALONE,2,2,home,6,1,3
1600398000.0,recreation_media,724,,,ALONE,,,home,5,1,3
1600398060.0,recreation_media,724,,,ALONE,,,home,5,1,3
1600398120.0,recreation_media,724,,,ALONE,,,home,5,1,3
1600398180.0,recreation_media,724,,,ALONE,,,home,5,1,3
1600398240.0,recreation_media,724,,,ALONE,,,home,5,1,3
1600398300.0,recreation_media,724,,,ALONE,,,home,5,1,3
1600398360.0,recreation_media,724,,,ALONE,,,home,5,1,3
1600398420.0,recreation_media,724,,,ALONE,,,home,5,1,3
1600398480.0,recreation_media,724,,,ALONE,,,home,5,1,3
1600398540.0,recreation_media,724,,,ALONE,,,home,5,1,3
1600398600.0,recreation_media,724,,,ALONE,,,home,5,1,3
1600398660.0,recreation_media,724,,,ALONE,,,home,5,1,3
1600398720.0,recreation_media,724,,,ALONE,,,home,5,1,3
1600398780.0,recreation_media,724,,,ALONE,,,home,5,1,3
1600398840.0,recreation_media,724,,,ALONE,,,home,5,1,3
1600398900.0,recreation_media,724,,,ALONE,,,home,5,1,3
1600398960.0,recreation_media,724,,,ALONE,,,home,5,1,3
1600399020.0,recreation_media,724,,,ALONE,,,home,5,1,3
1600399080.0,recreation_media,724,,,ALONE,,,home,5,1,3
1600399140.0,recreation_media,724,,,ALONE,,,home,5,1,3
1600399200.0,recreation_media,724,,,ALONE,,,home,5,1,3
1600399260.0,recreation_media,724,,,ALONE,,,home,5,1,3
1600399320.0,recreation_media,724,,,ALONE,,,home,5,1,3
1600399380.0,recreation_media,724,,,ALONE,,,home,5,1,3
1600399440.0,recreation_media,724,,,ALONE,,,home,5,1,3
1600399500.0,recreation_media,724,,,ALONE,,,home,5,1,3
1600399560.0,recreation_media,724,,,ALONE,,,home,5,1,3
1600399620.0,recreation_media,724,,,ALONE,,,home,5,1,3
1600399680.0,recreation_media,724,,,ALONE,,,home,5,1,3
1600399740.0,recreation_media,724,,,ALONE,,,home,5,1,3
1600399800.0,meal,122,meal_amount,1,ALONE,,,home,6,1,3
1600399860.0,meal,122,meal_amount,1,ALONE,,,home,6,1,3
1600399920.0,meal,122,meal_amount,1,ALONE,,,home,6,1,3
1600399980.0,meal,122,meal_amount,1,ALONE,,,home,6,1,3
1600400040.0,meal,122,meal_amount,1,ALONE,,,home,6,1,3
1600400100.0,meal,122,meal_amount,1,ALONE,,,home,6,1,3
1600400160.0,meal,122,meal_amount,1,ALONE,,,home,6,1,3
1600400220.0,meal,122,meal_amount,1,ALONE,,,home,6,1,3
1600400280.0,meal,122,meal_amount,1,ALONE,,,home,6,1,3
1600400340.0,meal,122,meal_amount,1,ALONE,,,home,6,1,3
1600400400.0,meal,122,meal_amount,1,ALONE,,,home,6,1,3
1600400460.0,meal,122,meal_amount,1,ALONE,,,home,6,1,3
1600400520.0,meal,122,meal_amount,1,ALONE,,,home,6,1,3
1600400580.0,meal,122,meal_amount,1,ALONE,,,home,6,1,3
1600400640.0,meal,122,meal_amount,1,ALONE,,,home,6,1,3
1600400700.0,meal,122,meal_amount,1,ALONE,,,home,6,1,3
1600400760.0,meal,122,meal_amount,1,ALONE,,,home,6,1,3
1600400820.0,meal,122,meal_amount,1,ALONE,,,home,6,1,3
1600400880.0,meal,122,meal_amount,1,ALONE,,,home,6,1,3
1600400940.0,meal,122,meal_amount,1,ALONE,,,home,6,1,3
1600401000.0,work,211,,,ALONE,,,home,5,2,3
1600401060.0,work,211,,,ALONE,,,home,5,2,3
1600401120.0,work,211,,,ALONE,,,home,5,2,3
1600401180.0,work,211,,,ALONE,,,home,5,2,3
1600401240.0,work,211,,,ALONE,,,home,5,2,3
1600401300.0,work,211,,,ALONE,,,home,5,2,3
1600401360.0,work,211,,,ALONE,,,home,5,2,3
1600401420.0,work,211,,,ALONE,,,home,5,2,3
1600401480.0,work,211,,,ALONE,,,home,5,2,3
1600401540.0,work,211,,,ALONE,,,home,5,2,3
1600401600.0,work,211,,,ALONE,,,home,5,2,3
1600401660.0,work,211,,,ALONE,,,home,5,2,3
1600401720.0,work,211,,,ALONE,,,home,5,2,3
1600401780.0,work,211,,,ALONE,,,home,5,2,3
1600401840.0,work,211,,,ALONE,,,home,5,2,3
1600401900.0,work,211,,,ALONE,,,home,5,2,3
1600401960.0,work,211,,,ALONE,,,home,5,2,3
1600402020.0,work,211,,,ALONE,,,home,5,2,3
1600402080.0,work,211,,,ALONE,,,home,5,2,3
1600402140.0,work,211,,,ALONE,,,home,5,2,3
1600402200.0,work,211,,,ALONE,,,home,5,2,3
1600402260.0,work,211,,,ALONE,,,home,5,2,3
1600402320.0,work,211,,,ALONE,,,home,5,2,3
1600402380.0,work,211,,,ALONE,,,home,5,2,3
1600402440.0,work,211,,,ALONE,,,home,5,2,3
1600402500.0,work,211,,,ALONE,,,home,5,2,3
1600402560.0,work,211,,,ALONE,,,home,5,2,3
1600402620.0,work,211,,,ALONE,,,home,5,2,3
1600402680.0,work,211,,,ALONE,,,home,5,2,3
1600402740.0,work,211,,,ALONE,,,home,5,2,3
1600402800.0,work,211,,,ALONE,,,home,5,2,3
1600402860.0,work,211,,,ALONE,,,home,5,2,3
1600402920.0,work,211,,,ALONE,,,home,5,2,3
1600402980.0,work,211,,,ALONE,,,home,5,2,3
1600403040.0,work,211,,,ALONE,,,home,5,2,3
1600403100.0,work,211,,,ALONE,,,home,5,2,3
1600403160.0,work,211,,,ALONE,,,home,5,2,3
1600403220.0,work,211,,,ALONE,,,home,5,2,3
1600403280.0,work,211,,,ALONE,,,home,5,2,3
1600403340.0,work,211,,,ALONE,,,home,5,2,3
1600403400.0,work,211,,,ALONE,,,home,5,2,3
1600403460.0,work,211,,,ALONE,,,home,5,2,3
1600403520.0,work,211,,,ALONE,,,home,5,2,3
1600403580.0,work,211,,,ALONE,,,home,5,2,3
1600403640.0,work,211,,,ALONE,,,home,5,2,3
1600403700.0,work,211,,,ALONE,,,home,5,2,3
1600403760.0,work,211,,,ALONE,,,home,5,2,3
1600403820.0,work,211,,,ALONE,,,home,5,2,3
1600403880.0,work,211,,,ALONE,,,home,5,2,3
1600403940.0,work,211,,,ALONE,,,home,5,2,3
1600404000.0,work,211,,,ALONE,,,home,5,2,3
1600404060.0,work,211,,,ALONE,,,home,5,2,3
1600404120.0,work,211,,,ALONE,,,home,5,2,3
1600404180.0,work,211,,,ALONE,,,home,5,2,3
1600404240.0,work,211,,,ALONE,,,home,5,2,3
1600404300.0,work,211,,,ALONE,,,home,5,2,3
1600404360.0,work,211,,,ALONE,,,home,5,2,3
1600404420.0,work,211,,,ALONE,,,home,5,2,3
1600404480.0,work,211,,,ALONE,,,home,5,2,3
1600404540.0,work,211,,,ALONE,,,home,5,2,3
1600404600.0,work,211,,,ALONE,,,home,5,2,3
1600404660.0,work,211,,,ALONE,,,home,5,2,3
1600404720.0,work,211,,,ALONE,,,home,5,2,3
1600404780.0,work,211,,,ALONE,,,home,5,2,3
1600404840.0,work,211,,,ALONE,,,home,5,2,3
1600404900.0,work,211,,,ALONE,,,home,5,2,3
1600404960.0,work,211,,,ALONE,,,home,5,2,3
1600405020.0,work,211,,,ALONE,,,home,5,2,3
1600405080.0,work,211,,,ALONE,,,home,5,2,3
1600405140.0,work,211,,,ALONE,,,home,5,2,3
1600405200.0,work,211,,,ALONE,,,home,5,2,3
1600405260.0,work,211,,,ALONE,,,home,5,2,3
1600405320.0,work,211,,,ALONE,,,home,5,2,3
1600405380.0,work,211,,,ALONE,,,home,5,2,3
1600405440.0,work,211,,,ALONE,,,home,5,2,3
1600405500.0,work,211,,,ALONE,,,home,5,2,3
1600405560.0,work,211,,,ALONE,,,home,5,2,3
1600405620.0,work,211,,,ALONE,,,home,5,2,3
1600405680.0,work,211,,,ALONE,,,home,5,2,3
1600405740.0,work,211,,,ALONE,,,home,5,2,3
1600405800.0,work,211,,,ALONE,,,home,5,2,3
1600405860.0,work,211,,,ALONE,,,home,5,2,3
1600405920.0,work,211,,,ALONE,,,home,5,2,3
1600405980.0,work,211,,,ALONE,,,home,5,2,3
1600406040.0,work,211,,,ALONE,,,home,5,2,3
1600406100.0,work,211,,,ALONE,,,home,5,2,3
1600406160.0,work,211,,,ALONE,,,home,5,2,3
1600406220.0,work,211,,,ALONE,,,home,5,2,3
1600406280.0,work,211,,,ALONE,,,home,5,2,3
1600406340.0,work,211,,,ALONE,,,home,5,2,3
1600406400.0,work,211,,,ALONE,,,home,5,2,3
1600406460.0,work,211,,,ALONE,,,home,5,2,3
1600406520.0,work,211,,,ALONE,,,home,5,2,3
1600406580.0,work,211,,,ALONE,,,home,5,2,3
1600406640.0,work,211,,,ALONE,,,home,5,2,3
1600406700.0,work,211,,,ALONE,,,home,5,2,3
1600406760.0,work,211,,,ALONE,,,home,5,2,3
1600406820.0,work,211,,,ALONE,,,home,5,2,3
1600406880.0,work,211,,,ALONE,,,home,5,2,3
1600406940.0,work,211,,,ALONE,,,home,5,2,3
1600407000.0,work,211,,,ALONE,,,home,5,2,3
1600407060.0,work,211,,,ALONE,,,home,5,2,3
1600407120.0,work,211,,,ALONE,,,home,5,2,3
1600407180.0,work,211,,,ALONE,,,home,5,2,3
1600407240.0,work,211,,,ALONE,,,home,5,2,3
1600407300.0,work,211,,,ALONE,,,home,5,2,3
1600407360.0,work,211,,,ALONE,,,home,5,2,3
1600407420.0,work,211,,,ALONE,,,home,5,2,3
1600407480.0,work,211,,,ALONE,,,home,5,2,3
1600407540.0,work,211,,,ALONE,,,home,5,2,3
1600407600.0,work,211,,,ALONE,,,home,5,2,3
1600407660.0,work,211,,,ALONE,,,home,5,2,3
1600407720.0,work,211,,,ALONE,,,home,5,2,3
1600407780.0,work,211,,,ALONE,,,home,5,2,3
1600407840.0,work,211,,,ALONE,,,home,5,2,3
1600407900.0,work,211,,,ALONE,,,home,5,2,3
1600407960.0,work,211,,,ALONE,,,home,5,2,3
1600408020.0,work,211,,,ALONE,,,home,5,2,3
1600408080.0,work,211,,,ALONE,,,home,5,2,3
1600408140.0,work,211,,,ALONE,,,home,5,2,3
1600408200.0,work,211,,,ALONE,,,home,5,2,3
1600408260.0,work,211,,,ALONE,,,home,5,2,3
1600408320.0,work,211,,,ALONE,,,home,5,2,3
1600408380.0,work,211,,,ALONE,,,home,5,2,3
1600408440.0,work,211,,,ALONE,,,home,5,2,3
1600408500.0,work,211,,,ALONE,,,home,5,2,3
1600408560.0,work,211,,,ALONE,,,home,5,2,3
1600408620.0,work,211,,,ALONE,,,home,5,2,3
1600408680.0,work,211,,,ALONE,,,home,5,2,3
1600408740.0,work,211,,,ALONE,,,home,5,2,3
1600408800.0,work,211,,,ALONE,,,home,5,2,3
1600408860.0,work,211,,,ALONE,,,home,5,2,3
1600408920.0,work,211,,,ALONE,,,home,5,2,3
1600408980.0,work,211,,,ALONE,,,home,5,2,3
1600409040.0,work,211,,,ALONE,,,home,5,2,3
1600409100.0,work,211,,,ALONE,,,home,5,2,3
1600409160.0,work,211,,,ALONE,,,home,5,2,3
1600409220.0,work,211,,,ALONE,,,home,5,2,3
1600409280.0,work,211,,,ALONE,,,home,5,2,3
1600409340.0,work,211,,,ALONE,,,home,5,2,3
1600409400.0,work,211,,,ALONE,,,home,5,2,3
1600409460.0,work,211,,,ALONE,,,home,5,2,3
1600409520.0,work,211,,,ALONE,,,home,5,2,3
1600409580.0,work,211,,,ALONE,,,home,5,2,3
1600409640.0,work,211,,,ALONE,,,home,5,2,3
1600409700.0,work,211,,,ALONE,,,home,5,2,3
1600409760.0,work,211,,,ALONE,,,home,5,2,3
1600409820.0,work,211,,,ALONE,,,home,5,2,3
1600409880.0,work,211,,,ALONE,,,home,5,2,3
1600409940.0,work,211,,,ALONE,,,home,5,2,3
1600410000.0,work,211,,,ALONE,,,home,5,2,3
1600410060.0,work,211,,,ALONE,,,home,5,2,3
1600410120.0,work,211,,,ALONE,,,home,5,2,3
1600410180.0,work,211,,,ALONE,,,home,5,2,3
1600410240.0,work,211,,,ALONE,,,home,5,2,3
1600410300.0,work,211,,,ALONE,,,home,5,2,3
1600410360.0,work,211,,,ALONE,,,home,5,2,3
1600410420.0,work,211,,,ALONE,,,home,5,2,3
1600410480.0,work,211,,,ALONE,,,home,5,2,3
1600410540.0,work,211,,,ALONE,,,home,5,2,3
1600410600.0,household,41,,,ALONE,,,home,6,1,3
1600410660.0,household,41,,,ALONE,,,home,6,1,3
1600410720.0,household,41,,,ALONE,,,home,6,1,3
1600410780.0,household,41,,,ALONE,,,home,6,1,3
1600410840.0,household,41,,,ALONE,,,home,6,1,3
1600410900.0,household,41,,,ALONE,,,home,6,1,3
1600410960.0,household,41,,,ALONE,,,home,6,1,3
1600411020.0,household,41,,,ALONE,,,home,6,1,3
1600411080.0,household,41,,,ALONE,,,home,6,1,3
1600411140.0,household,41,,,ALONE,,,home,6,1,3
1600411200.0,meal,121,meal_amount,1,ALONE,,,home,6,1,3
1600411260.0,meal,121,meal_amount,1,ALONE,,,home,6,1,3
1600411320.0,meal,121,meal_amount,1,ALONE,,,home,6,1,3
1600411380.0,meal,121,meal_amount,1,ALONE,,,home,6,1,3
1600411440.0,meal,121,meal_amount,1,ALONE,,,home,6,1,3
1600411500.0,meal,121,meal_amount,1,ALONE,,,home,6,1,3
1600411560.0,meal,121,meal_amount,1,ALONE,,,home,6,1,3
1600411620.0,meal,121,meal_amount,1,ALONE,,,home,6,1,3
1600411680.0,meal,121,meal_amount,1,ALONE,,,home,6,1,3
1600411740.0,meal,121,meal_amount,1,ALONE,,,home,6,1,3
1600411800.0,meal,121,meal_amount,1,ALONE,,,home,6,1,3
1600411860.0,meal,121,meal_amount,1,ALONE,,,home,6,1,3
1600411920.0,meal,121,meal_amount,1,ALONE,,,home,6,1,3
1600411980.0,meal,121,meal_amount,1,ALONE,,,home,6,1,3
1600412040.0,meal,121,meal_amount,1,ALONE,,,home,6,1,3
1600412100.0,meal,121,meal_amount,1,ALONE,,,home,6,1,3
1600412160.0,meal,121,meal_amount,1,ALONE,,,home,6,1,3
1600412220.0,meal,121,meal_amount,1,ALONE,,,home,6,1,3
1600412280.0,meal,121,meal_amount,1,ALONE,,,home,6,1,3
1600412340.0,meal,121,meal_amount,1,ALONE,,,home,6,1,3
1600412400.0,personal_care,132,,,ALONE,,,home,6,1,3
1600412460.0,personal_care,132,,,ALONE,,,home,6,1,3
1600412520.0,personal_care,132,,,ALONE,,,home,6,1,3
1600412580.0,personal_care,132,,,ALONE,,,home,6,1,3
1600412640.0,personal_care,132,,,ALONE,,,home,6,1,3
1600412700.0,personal_care,132,,,ALONE,,,home,6,1,3
1600412760.0,personal_care,132,,,ALONE,,,home,6,1,3
1600412820.0,personal_care,132,,,ALONE,,,home,6,1,3
1600412880.0,personal_care,132,,,ALONE,,,home,6,1,3
1600412940.0,personal_care,132,,,ALONE,,,home,6,1,3
1600413000.0,personal_care,132,,,ALONE,,,home,6,1,3
1600413060.0,personal_care,132,,,ALONE,,,home,6,1,3
1600413120.0,personal_care,132,,,ALONE,,,home,6,1,3
1600413180.0,personal_care,132,,,ALONE,,,home,6,1,3
1600413240.0,personal_care,132,,,ALONE,,,home,6,1,3
1600413300.0,personal_care,132,,,ALONE,,,home,6,1,3
1600413360.0,personal_care,132,,,ALONE,,,home,6,1,3
1600413420.0,personal_care,132,,,ALONE,,,home,6,1,3
1600413480.0,personal_care,132,,,ALONE,,,home,6,1,3
1600413540.0,personal_care,132,,,ALONE,,,home,6,1,3
1600413600.0,household,43,,,ALONE,,,home,6,2,3
1600413660.0,household,43,,,ALONE,,,home,6,2,3
1600413720.0,household,43,,,ALONE,,,home,6,2,3
1600413780.0,household,43,,,ALONE,,,home,6,2,3
1600413840.0,household,43,,,ALONE,,,home,6,2,3
1600413900.0,household,43,,,ALONE,,,home,6,2,3
1600413960.0,household,43,,,ALONE,,,home,6,2,3
1600414020.0,household,43,,,ALONE,,,home,6,2,3
1600414080.0,household,43,,,ALONE,,,home,6,2,3
1600414140.0,household,43,,,ALONE,,,home,6,2,3
1600414200.0,household,43,,,ALONE,,,home,6,2,3
1600414260.0,household,43,,,ALONE,,,home,6,2,3
1600414320.0,household,43,,,ALONE,,,home,6,2,3
1600414380.0,household,43,,,ALONE,,,home,6,2,3
1600414440.0,household,43,,,ALONE,,,home,6,2,3
1600414500.0,household,43,,,ALONE,,,home,6,2,3
1600414560.0,household,43,,,ALONE,,,home,6,2,3
1600414620.0,household,43,,,ALONE,,,home,6,2,3
1600414680.0,household,43,,,ALONE,,,home,6,2,3
1600414740.0,household,43,,,ALONE,,,home,6,2,3
1600414800.0,household,43,,,ALONE,,,home,6,2,3
1600414860.0,household,43,,,ALONE,,,home,6,2,3
1600414920.0,household,43,,,ALONE,,,home,6,2,3
1600414980.0,household,43,,,ALONE,,,home,6,2,3
1600415040.0,household,43,,,ALONE,,,home,6,2,3
1600415100.0,household,43,,,ALONE,,,home,6,2,3
1600415160.0,household,43,,,ALONE,,,home,6,2,3
1600415220.0,household,43,,,ALONE,,,home,6,2,3
1600415280.0,household,43,,,ALONE,,,home,6,2,3
1600415340.0,household,43,,,ALONE,,,home,6,2,3
1600415400.0,household,43,,,ALONE,,,home,6,2,3
1600415460.0,household,43,,,ALONE,,,home,6,2,3
1600415520.0,household,43,,,ALONE,,,home,6,2,3
1600415580.0,household,43,,,ALONE,,,home,6,2,3
1600415640.0,household,43,,,ALONE,,,home,6,2,3
1600415700.0,household,43,,,ALONE,,,home,6,2,3
1600415760.0,household,43,,,ALONE,,,home,6,2,3
1600415820.0,household,43,,,ALONE,,,home,6,2,3
1600415880.0,household,43,,,ALONE,,,home,6,2,3
1600415940.0,household,43,,,ALONE,,,home,6,2,3
1600416000.0,recreation_media,722,,,ALONE,,,home,6,1,3
1600416060.0,recreation_media,722,,,ALONE,,,home,6,1,3
1600416120.0,recreation_media,722,,,ALONE,,,home,6,1,3
1600416180.0,recreation_media,722,,,ALONE,,,home,6,1,3
1600416240.0,recreation_media,722,,,ALONE,,,home,6,1,3
1600416300.0,recreation_media,722,,,ALONE,,,home,6,1,3
1600416360.0,recreation_media,722,,,ALONE,,,home,6,1,3
1600416420.0,recreation_media,722,,,ALONE,,,home,6,1,3
1600416480.0,recreation_media,722,,,ALONE,,,home,6,1,3
1600416540.0,recreation_media,722,,,ALONE,,,home,6,1,3
1600416600.0,recreation_media,722,,,ALONE,,,home,6,1,3
1600416660.0,recreation_media,722,,,ALONE,,,home,6,1,3
1600416720.0,recreation_media,722,,,ALONE,,,home,6,1,3
1600416780.0,recreation_media,722,,,ALONE,,,home,6,1,3
1600416840.0,recreation_media,722,,,ALONE,,,home,6,1,3
1600416900.0,recreation_media,722,,,ALONE,,,home,6,1,3
1600416960.0,recreation_media,722,,,ALONE,,,home,6,1,3
1600417020.0,recreation_media,722,,,ALONE,,,home,6,1,3
1600417080.0,recreation_media,722,,,ALONE,,,home,6,1,3
1600417140.0,recreation_media,722,,,ALONE,,,home,6,1,3
1600417200.0,recreation_media,722,,,ALONE,,,home,6,1,3
1600417260.0,recreation_media,722,,,ALONE,,,home,6,1,3
1600417320.0,recreation_media,722,,,ALONE,,,home,6,1,3
1600417380.0,recreation_media,722,,,ALONE,,,home,6,1,3
1600417440.0,recreation_media,722,,,ALONE,,,home,6,1,3
1600417500.0,recreation_media,722,,,ALONE,,,home,6,1,3
1600417560.0,recreation_media,722,,,ALONE,,,home,6,1,3
1600417620.0,recreation_media,722,,,ALONE,,,home,6,1,3
1600417680.0,recreation_media,722,,,ALONE,,,home,6,1,3
1600417740.0,recreation_media,722,,,ALONE,,,home,6,1,3
1600417800.0,recreation_media,722,,,ALONE,,,home,6,1,3
1600417860.0,recreation_media,722,,,ALONE,,,home,6,1,3
1600417920.0,recreation_media,722,,,ALONE,,,home,6,1,3
1600417980.0,recreation_media,722,,,ALONE,,,home,6,1,3
1600418040.0,recreation_media,722,,,ALONE,,,home,6,1,3
1600418100.0,recreation_media,722,,,ALONE,,,home,6,1,3
1600418160.0,recreation_media,722,,,ALONE,,,home,6,1,3
1600418220.0,recreation_media,722,,,ALONE,,,home,6,1,3
1600418280.0,recreation_media,722,,,ALONE,,,home,6,1,3
1600418340.0,recreation_media,722,,,ALONE,,,home,6,1,3
1600418400.0,recreation_media,722,,,ALONE,,,home,6,1,3
1600418460.0,recreation_media,722,,,ALONE,,,home,6,1,3
1600418520.0,recreation_media,722,,,ALONE,,,home,6,1,3
1600418580.0,recreation_media,722,,,ALONE,,,home,6,1,3
1600418640.0,recreation_media,722,,,ALONE,,,home,6,1,3
1600418700.0,recreation_media,722,,,ALONE,,,home,6,1,3
1600418760.0,recreation_media,722,,,ALONE,,,home,6,1,3
1600418820.0,recreation_media,722,,,ALONE,,,home,6,1,3
1600418880.0,recreation_media,722,,,ALONE,,,home,6,1,3
1600418940.0,recreation_media,722,,,ALONE,,,home,6,1,3
1600419000.0,recreation_media,722,,,ALONE,,,home,6,1,3
1600419060.0,recreation_media,722,,,ALONE,,,home,6,1,3
1600419120.0,recreation_media,722,,,ALONE,,,home,6,1,3
1600419180.0,recreation_media,722,,,ALONE,,,home,6,1,3
1600419240.0,recreation_media,722,,,ALONE,,,home,6,1,3
1600419300.0,recreation_media,722,,,ALONE,,,home,6,1,3
1600419360.0,recreation_media,722,,,ALONE,,,home,6,1,3
1600419420.0,recreation_media,722,,,ALONE,,,home,6,1,3
1600419480.0,recreation_media,722,,,ALONE,,,home,6,1,3
1600419540.0,recreation_media,722,,,ALONE,,,home,6,1,3
1600419600.0,personal_care,133,,,ALONE,,,home,6,1,3
1600419660.0,personal_care,133,,,ALONE,,,home,6,1,3
1600419720.0,personal_care,133,,,ALONE,,,home,6,1,3
1600419780.0,personal_care,133,,,ALONE,,,home,6,1,3
1600419840.0,personal_care,133,,,ALONE,,,home,6,1,3
1600419900.0,personal_care,133,,,ALONE,,,home,6,1,3
1600419960.0,personal_care,133,,,ALONE,,,home,6,1,3
1600420020.0,personal_care,133,,,ALONE,,,home,6,1,3
1600420080.0,personal_care,133,,,ALONE,,,home,6,1,3
1600420140.0,personal_care,133,,,ALONE,,,home,6,1,3
1600420200.0,personal_care,133,,,ALONE,,,home,6,1,3
1600420260.0,personal_care,133,,,ALONE,,,home,6,1,3
1600420320.0,personal_care,133,,,ALONE,,,home,6,1,3
1600420380.0,personal_care,133,,,ALONE,,,home,6,1,3
1600420440.0,personal_care,133,,,ALONE,,,home,6,1,3
1600420500.0,personal_care,133,,,ALONE,,,home,6,1,3
1600420560.0,personal_care,133,,,ALONE,,,home,6,1,3
1600420620.0,personal_care,133,,,ALONE,,,home,6,1,3
1600420680.0,personal_care,133,,,ALONE,,,home,6,1,3
1600420740.0,personal_care,133,,,ALONE,,,home,6,1,3
1600420800.0,personal_care,133,,,ALONE,,,home,6,1,3
1600420860.0,personal_care,133,,,ALONE,,,home,6,1,3
1600420920.0,personal_care,133,,,ALONE,,,home,6,1,3
1600420980.0,personal_care,133,,,ALONE,,,home,6,1,3
1600421040.0,personal_care,133,,,ALONE,,,home,6,1,3
1600421100.0,personal_care,133,,,ALONE,,,home,6,1,3
1600421160.0,personal_care,133,,,ALONE,,,home,6,1,3
1600421220.0,personal_care,133,,,ALONE,,,home,6,1,3
1600421280.0,personal_care,133,,,ALONE,,,home,6,1,3
1600421340.0,personal_care,133,,,ALONE,,,home,6,1,3
1600421400.0,recreation_etc,793,,,ALONE,,,home,6,1,3
1600421460.0,recreation_etc,793,,,ALONE,,,home,6,1,3
1600421520.0,recreation_etc,793,,,ALONE,,,home,6,1,3
1600421580.0,recreation_etc,793,,,ALONE,,,home,6,1,3
1600421640.0,recreation_etc,793,,,ALONE,,,home,6,1,3
1600421700.0,recreation_etc,793,,,ALONE,,,home,6,1,3
1600421760.0,recreation_etc,793,,,ALONE,,,home,6,1,3
1600421820.0,recreation_etc,793,,,ALONE,,,home,6,1,3
1600421880.0,recreation_etc,793,,,ALONE,,,home,6,1,3
1600421940.0,recreation_etc,793,,,ALONE,,,home,6,1,3
1600422000.0,recreation_etc,793,,,ALONE,,,home,6,1,3
1600422060.0,recreation_etc,793,,,ALONE,,,home,6,1,3
1600422120.0,recreation_etc,793,,,ALONE,,,home,6,1,3
1600422180.0,recreation_etc,793,,,ALONE,,,home,6,1,3
1600422240.0,recreation_etc,793,,,ALONE,,,home,6,1,3
1600422300.0,recreation_etc,793,,,ALONE,,,home,6,1,3
1600422360.0,recreation_etc,793,,,ALONE,,,home,6,1,3
1600422420.0,recreation_etc,793,,,ALONE,,,home,6,1,3
1600422480.0,recreation_etc,793,,,ALONE,,,home,6,1,3
1600422540.0,recreation_etc,793,,,ALONE,,,home,6,1,3
1600422600.0,recreation_etc,793,,,ALONE,,,home,6,1,3
1600422660.0,recreation_etc,793,,,ALONE,,,home,6,1,3
1600422720.0,recreation_etc,793,,,ALONE,,,home,6,1,3
1600422780.0,recreation_etc,793,,,ALONE,,,home,6,1,3
1600422840.0,recreation_etc,793,,,ALONE,,,home,6,1,3
1600422900.0,recreation_etc,793,,,ALONE,,,home,6,1,3
1600422960.0,recreation_etc,793,,,ALONE,,,home,6,1,3
1600423020.0,recreation_etc,793,,,ALONE,,,home,6,1,3
1600423080.0,recreation_etc,793,,,ALONE,,,home,6,1,3
1600423140.0,recreation_etc,793,,,ALONE,,,home,6,1,3
1600423200.0,recreation_etc,793,,,ALONE,,,home,6,1,3
1600423260.0,recreation_etc,793,,,ALONE,,,home,6,1,3
1600423320.0,recreation_etc,793,,,ALONE,,,home,6,1,3
1600423380.0,recreation_etc,793,,,ALONE,,,home,6,1,3
1600423440.0,recreation_etc,793,,,ALONE,,,home,6,1,3
1600423500.0,recreation_etc,793,,,ALONE,,,home,6,1,3
1600423560.0,recreation_etc,793,,,ALONE,,,home,6,1,3
1600423620.0,recreation_etc,793,,,ALONE,,,home,6,1,3
1600423680.0,recreation_etc,793,,,ALONE,,,home,6,1,3
1600423740.0,recreation_etc,793,,,ALONE,,,home,6,1,3
1600423800.0,recreation_etc,793,,,ALONE,,,home,6,1,3
1600423860.0,recreation_etc,793,,,ALONE,,,home,6,1,3
1600423920.0,recreation_etc,793,,,ALONE,,,home,6,1,3
1600423980.0,recreation_etc,793,,,ALONE,,,home,6,1,3
1600424040.0,recreation_etc,793,,,ALONE,,,home,6,1,3
1600424100.0,recreation_etc,793,,,ALONE,,,home,6,1,3
1600424160.0,recreation_etc,793,,,ALONE,,,home,6,1,3
1600424220.0,recreation_etc,793,,,ALONE,,,home,6,1,3
1600424280.0,recreation_etc,793,,,ALONE,,,home,6,1,3
1600424340.0,recreation_etc,793,,,ALONE,,,home,6,1,3
1600424400.0,recreation_etc,791,,,WITH_ONE,2,3,home,7,1,3
1600424460.0,recreation_etc,791,,,WITH_ONE,2,3,home,7,1,3
1600424520.0,recreation_etc,791,,,WITH_ONE,2,3,home,7,1,3
1600424580.0,recreation_etc,791,,,WITH_ONE,2,3,home,7,1,3
1600424640.0,recreation_etc,791,,,WITH_ONE,2,3,home,7,1,3
1600424700.0,recreation_etc,791,,,WITH_ONE,2,3,home,7,1,3
1600424760.0,recreation_etc,791,,,WITH_ONE,2,3,home,7,1,3
1600424820.0,recreation_etc,791,,,WITH_ONE,2,3,home,7,1,3
1600424880.0,recreation_etc,791,,,WITH_ONE,2,3,home,7,1,3
1600424940.0,recreation_etc,791,,,WITH_ONE,2,3,home,7,1,3
1600425000.0,recreation_etc,791,,,WITH_ONE,2,3,home,7,1,3
1600425060.0,recreation_etc,791,,,WITH_ONE,2,3,home,7,1,3
1600425120.0,recreation_etc,791,,,WITH_ONE,2,3,home,7,1,3
1600425180.0,recreation_etc,791,,,WITH_ONE,2,3,home,7,1,3
1600425240.0,recreation_etc,791,,,WITH_ONE,2,3,home,7,1,3
1600425300.0,recreation_etc,791,,,WITH_ONE,2,3,home,7,1,3
1600425360.0,recreation_etc,791,,,WITH_ONE,2,3,home,7,1,3
1600425420.0,recreation_etc,791,,,WITH_ONE,2,3,home,7,1,3
1600425480.0,recreation_etc,791,,,WITH_ONE,2,3,home,7,1,3
1600425540.0,recreation_etc,791,,,WITH_ONE,2,3,home,7,1,4
1600425600.0,recreation_etc,791,,,WITH_ONE,2,3,home,7,1,4
1600425660.0,recreation_etc,791,,,WITH_ONE,2,3,home,7,1,2
1600425720.0,recreation_etc,791,,,WITH_ONE,2,3,home,7,1,2
1600425780.0,recreation_etc,791,,,WITH_ONE,2,3,home,7,1,2
1600425840.0,recreation_etc,791,,,WITH_ONE,2,3,home,7,1,2
1600425900.0,recreation_etc,791,,,WITH_ONE,2,3,home,7,1,2
1600425960.0,recreation_etc,791,,,WITH_ONE,2,3,home,7,1,2
1600426020.0,recreation_etc,791,,,WITH_ONE,2,3,home,7,1,2
1600426080.0,recreation_etc,791,,,WITH_ONE,2,3,home,7,1,3
1600426140.0,recreation_etc,791,,,WITH_ONE,2,3,home,7,1,4
1600426200.0,recreation_etc,791,,,WITH_ONE,2,3,home,7,1,3
1600426260.0,recreation_etc,791,,,WITH_ONE,2,3,home,7,1,3
1600426320.0,recreation_etc,791,,,WITH_ONE,2,3,home,7,1,2
1600426380.0,recreation_etc,791,,,WITH_ONE,2,3,home,7,1,4
1600426440.0,recreation_etc,791,,,WITH_ONE,2,3,home,7,1,2
1600426500.0,recreation_etc,791,,,WITH_ONE,2,3,home,7,1,2
1600426560.0,recreation_etc,791,,,WITH_ONE,2,3,home,7,1,4
1600426620.0,recreation_etc,791,,,WITH_ONE,2,3,home,7,1,4
1600426680.0,recreation_etc,791,,,WITH_ONE,2,3,home,7,1,4
1600426740.0,recreation_etc,791,,,WITH_ONE,2,3,home,7,1,3
1600426800.0,recreation_etc,791,,,WITH_ONE,2,3,home,7,1,3
1600426860.0,recreation_etc,791,,,WITH_ONE,2,3,home,7,1,3
1600426920.0,recreation_etc,791,,,WITH_ONE,2,3,home,7,1,3
1600426980.0,recreation_etc,791,,,WITH_ONE,2,3,home,7,1,3
1600427040.0,recreation_etc,791,,,WITH_ONE,2,3,home,7,1,3
1600427100.0,recreation_etc,791,,,WITH_ONE,2,3,home,7,1,3
1600427160.0,recreation_etc,791,,,WITH_ONE,2,3,home,7,1,3
1600427220.0,recreation_etc,791,,,WITH_ONE,2,3,home,7,1,3
1600427280.0,recreation_etc,791,,,WITH_ONE,2,3,home,7,1,3
1600427340.0,recreation_etc,791,,,WITH_ONE,2,3,home,7,1,3
1600427400.0,recreation_etc,791,,,WITH_ONE,2,3,home,7,1,3
1600427460.0,recreation_etc,791,,,WITH_ONE,2,3,home,7,1,3
1600427520.0,recreation_etc,791,,,WITH_ONE,2,3,home,7,1,3
1600427580.0,recreation_etc,791,,,WITH_ONE,2,3,home,7,1,3
1600427640.0,recreation_etc,791,,,WITH_ONE,2,3,home,7,1,3
1600427700.0,recreation_etc,791,,,WITH_ONE,2,3,home,7,1,3
1600427760.0,recreation_etc,791,,,WITH_ONE,2,3,home,7,1,3
1600427820.0,recreation_etc,791,,,WITH_ONE,2,3,home,7,1,3
1600427880.0,recreation_etc,791,,,WITH_ONE,2,3,home,7,1,3
1600427940.0,recreation_etc,791,,,WITH_ONE,2,3,home,7,1,3
1600428000.0,recreation_etc,791,,,WITH_ONE,2,3,home,7,1,3
1600428060.0,recreation_etc,791,,,WITH_ONE,2,3,home,7,1,3
1600428120.0,recreation_etc,791,,,WITH_ONE,2,3,home,7,1,3
1600428180.0,recreation_etc,791,,,WITH_ONE,2,3,home,7,1,3
1600428240.0,recreation_etc,791,,,WITH_ONE,2,3,home,7,1,3
1600428300.0,recreation_etc,791,,,WITH_ONE,2,3,home,7,1,3
1600428360.0,recreation_etc,791,,,WITH_ONE,2,3,home,7,1,3
1600428420.0,recreation_etc,791,,,WITH_ONE,2,3,home,7,1,3
1600428480.0,recreation_etc,791,,,WITH_ONE,2,3,home,7,1,3
1600428540.0,recreation_etc,791,,,WITH_ONE,2,3,home,7,1,3
1600428600.0,recreation_etc,791,,,WITH_ONE,2,3,home,7,1,3
1600428660.0,recreation_etc,791,,,WITH_ONE,2,3,home,7,1,3
1600428720.0,recreation_etc,791,,,WITH_ONE,2,3,home,7,1,3
1600428780.0,recreation_etc,791,,,WITH_ONE,2,3,home,7,1,3
1600428840.0,recreation_etc,791,,,WITH_ONE,2,3,home,7,1,3
1600428900.0,recreation_etc,791,,,WITH_ONE,2,3,home,7,1,3
1600428960.0,recreation_etc,791,,,WITH_ONE,2,3,home,7,1,3
1600429020.0,recreation_etc,791,,,WITH_ONE,2,3,home,7,1,3
1600429080.0,recreation_etc,791,,,WITH_ONE,2,3,home,7,1,3
1600429140.0,recreation_etc,791,,,WITH_ONE,2,3,home,7,1,3
1600429200.0,recreation_etc,791,,,WITH_ONE,2,3,home,7,1,3
1600429260.0,recreation_etc,791,,,WITH_ONE,2,3,home,7,1,3
1600429320.0,recreation_etc,791,,,WITH_ONE,2,3,home,7,1,3
1600429380.0,recreation_etc,791,,,WITH_ONE,2,3,home,7,1,3
1600429440.0,recreation_etc,791,,,WITH_ONE,2,3,home,7,1,3
1600429500.0,recreation_etc,791,,,WITH_ONE,2,3,home,7,1,3
1600429560.0,recreation_etc,791,,,WITH_ONE,2,3,home,7,1,3
1600429620.0,recreation_etc,791,,,WITH_ONE,2,3,home,7,1,3
1600429680.0,recreation_etc,791,,,WITH_ONE,2,3,home,7,1,3
1600429740.0,recreation_etc,791,,,WITH_ONE,2,3,home,7,1,3
1600429800.0,recreation_etc,791,,,WITH_ONE,2,3,home,7,1,3
1600429860.0,recreation_etc,791,,,WITH_ONE,2,3,home,7,1,3
1600429920.0,recreation_etc,791,,,WITH_ONE,2,3,home,7,1,3
1600429980.0,recreation_etc,791,,,WITH_ONE,2,3,home,7,1,3
1600430040.0,recreation_etc,791,,,WITH_ONE,2,3,home,7,1,3
1600430100.0,recreation_etc,791,,,WITH_ONE,2,3,home,7,1,3
1600430160.0,recreation_etc,791,,,WITH_ONE,2,3,home,7,1,3
1600430220.0,recreation_etc,791,,,WITH_ONE,2,3,home,7,1,3
1600430280.0,recreation_etc,791,,,WITH_ONE,2,3,home,7,1,3
1600430340.0,recreation_etc,791,,,WITH_ONE,2,3,home,7,1,3
1600430400.0,recreation_etc,791,,,WITH_ONE,2,3,home,7,1,3
1600430460.0,recreation_etc,791,,,WITH_ONE,2,3,home,7,1,3
1600430520.0,recreation_etc,791,,,WITH_ONE,2,3,home,7,1,3
1600430580.0,recreation_etc,791,,,WITH_ONE,2,3,home,7,1,3
1600430640.0,recreation_etc,791,,,WITH_ONE,2,3,home,7,1,3
1600430700.0,recreation_etc,791,,,WITH_ONE,2,3,home,7,1,3
1600430760.0,recreation_etc,791,,,WITH_ONE,2,3,home,7,1,3
1600430820.0,recreation_etc,791,,,WITH_ONE,2,3,home,7,1,3
1600430880.0,recreation_etc,791,,,WITH_ONE,2,3,home,7,1,3
1600430940.0,recreation_etc,791,,,WITH_ONE,2,3,home,7,1,3
1600431000.0,recreation_etc,791,,,WITH_ONE,2,3,home,7,1,3
1600431060.0,recreation_etc,791,,,WITH_ONE,2,3,home,7,1,3
1600431120.0,recreation_etc,791,,,WITH_ONE,2,3,home,7,1,3
1600431180.0,recreation_etc,791,,,WITH_ONE,2,3,home,7,1,3
1600431240.0,recreation_etc,791,,,WITH_ONE,2,3,home,7,1,3
1600431300.0,recreation_etc,791,,,WITH_ONE,2,3,home,7,1,3
1600431360.0,recreation_etc,791,,,WITH_ONE,2,3,home,7,1,3
1600431420.0,recreation_etc,791,,,WITH_ONE,2,3,home,7,1,3
1600431480.0,recreation_etc,791,,,WITH_ONE,2,3,home,7,1,3
1600431540.0,recreation_etc,791,,,WITH_ONE,2,3,home,7,1,3
1600431600.0,recreation_etc,791,,,WITH_ONE,2,3,home,7,1,4
1600431660.0,recreation_etc,791,,,WITH_ONE,2,3,home,7,1,4
1600431720.0,recreation_etc,791,,,WITH_ONE,2,3,home,7,1,2
1600431780.0,recreation_etc,791,,,WITH_ONE,2,3,home,7,1,2
1600431840.0,recreation_etc,791,,,WITH_ONE,2,3,home,7,1,2
1600431900.0,recreation_etc,791,,,WITH_ONE,2,3,home,7,1,4
1600431960.0,recreation_etc,791,,,WITH_ONE,2,3,home,7,1,2
1600432020.0,recreation_etc,791,,,WITH_ONE,2,3,home,7,1,2
1600432080.0,recreation_etc,791,,,WITH_ONE,2,3,home,7,1,2
1600432140.0,recreation_etc,791,,,WITH_ONE,2,3,home,7,1,2
1600432200.0,recreation_etc,791,,,WITH_ONE,2,3,home,7,1,2
1600432260.0,recreation_etc,791,,,WITH_ONE,2,3,home,7,1,4
1600432320.0,recreation_etc,791,,,WITH_ONE,2,3,home,7,1,2
1600432380.0,recreation_etc,791,,,WITH_ONE,2,3,home,7,1,2
1600432440.0,recreation_etc,791,,,WITH_ONE,2,3,home,7,1,3
1600432500.0,recreation_etc,791,,,WITH_ONE,2,3,home,7,1,3
1600432560.0,recreation_etc,791,,,WITH_ONE,2,3,home,7,1,3
1600432620.0,recreation_etc,791,,,WITH_ONE,2,3,home,7,1,3
1600432680.0,recreation_etc,791,,,WITH_ONE,2,3,home,7,1,3
1600432740.0,recreation_etc,791,,,WITH_ONE,2,3,home,7,1,3
1600432800.0,recreation_etc,791,,,WITH_ONE,2,3,home,7,1,3
1600432860.0,recreation_etc,791,,,WITH_ONE,2,3,home,7,1,3
1600432920.0,recreation_etc,791,,,WITH_ONE,2,3,home,7,1,3
1600432980.0,recreation_etc,791,,,WITH_ONE,2,3,home,7,1,3
1600433040.0,recreation_etc,791,,,WITH_ONE,2,3,home,7,1,3
1600433100.0,recreation_etc,791,,,WITH_ONE,2,3,home,7,1,3
1600433160.0,recreation_etc,791,,,WITH_ONE,2,3,home,7,1,3
1600433220.0,recreation_etc,791,,,WITH_ONE,2,3,home,7,1,3
1600433280.0,recreation_etc,791,,,WITH_ONE,2,3,home,7,1,3
1600433340.0,recreation_etc,791,,,WITH_ONE,2,3,home,7,1,3
1600433400.0,recreation_etc,791,,,WITH_ONE,2,3,home,7,1,3
1600433460.0,recreation_etc,791,,,WITH_ONE,2,3,home,7,1,3
1600433520.0,recreation_etc,791,,,WITH_ONE,2,3,home,7,1,3
1600433580.0,recreation_etc,791,,,WITH_ONE,2,3,home,7,1,3
1600433640.0,recreation_etc,791,,,WITH_ONE,2,3,home,7,1,3
1600433700.0,recreation_etc,791,,,WITH_ONE,2,3,home,7,1,3
1600433760.0,recreation_etc,791,,,WITH_ONE,2,3,home,7,1,3
1600433820.0,recreation_etc,791,,,WITH_ONE,2,3,home,7,1,3
1600433880.0,recreation_etc,791,,,WITH_ONE,2,3,home,7,1,3
1600433940.0,recreation_etc,791,,,WITH_ONE,2,3,home,7,1,3
1600434000.0,recreation_etc,791,,,WITH_ONE,2,3,home,7,1,3
1600434060.0,recreation_etc,791,,,WITH_ONE,2,3,home,7,1,3
1600434120.0,recreation_etc,791,,,WITH_ONE,2,3,home,7,1,3
1600434180.0,recreation_etc,791,,,WITH_ONE,2,3,home,7,1,3
1600434240.0,recreation_etc,791,,,WITH_ONE,2,3,home,7,1,3
1600434300.0,recreation_etc,791,,,WITH_ONE,2,3,home,7,1,3
1600434360.0,recreation_etc,791,,,WITH_ONE,2,3,home,7,1,3
1600434420.0,recreation_etc,791,,,WITH_ONE,2,3,home,7,1,3
1600434480.0,recreation_etc,791,,,WITH_ONE,2,3,home,7,1,3
1600434540.0,recreation_etc,791,,,WITH_ONE,2,3,home,7,1,3
1600434600.0,recreation_etc,791,,,WITH_ONE,2,3,home,7,1,3
1600434660.0,recreation_etc,791,,,WITH_ONE,2,3,home,7,1,3
1600434720.0,recreation_etc,791,,,WITH_ONE,2,3,home,7,1,3
1600434780.0,recreation_etc,791,,,WITH_ONE,2,3,home,7,1,3
1600434840.0,recreation_etc,791,,,WITH_ONE,2,3,home,7,1,3
1600434900.0,recreation_etc,791,,,WITH_ONE,2,3,home,7,1,3
1600434960.0,recreation_etc,791,,,WITH_ONE,2,3,home,7,1,3
1600435020.0,recreation_etc,791,,,WITH_ONE,2,3,home,7,1,3
1600435080.0,recreation_etc,791,,,WITH_ONE,2,3,home,7,1,3
1600435140.0,recreation_etc,791,,,WITH_ONE,2,3,home,7,1,3
1600435200.0,recreation_etc,791,,,WITH_ONE,2,3,home,7,1,3
1600435260.0,recreation_etc,791,,,WITH_ONE,2,3,home,7,1,3
1600435320.0,recreation_etc,791,,,WITH_ONE,2,3,home,7,1,3
1600435380.0,recreation_etc,791,,,WITH_ONE,2,3,home,7,1,3
1600435440.0,recreation_etc,791,,,WITH_ONE,2,3,home,7,1,3
1600435500.0,recreation_etc,791,,,WITH_ONE,2,3,home,7,1,3
1600435560.0,recreation_etc,791,,,WITH_ONE,2,3,home,7,1,3
1600435620.0,recreation_etc,791,,,WITH_ONE,2,3,home,7,1,3
1600435680.0,recreation_etc,791,,,WITH_ONE,2,3,home,7,1,3
1600435740.0,recreation_etc,791,,,WITH_ONE,2,3,home,7,1,3
1600435800.0,recreation_etc,791,,,WITH_ONE,2,3,home,7,1,3
1600435860.0,recreation_etc,791,,,WITH_ONE,2,3,home,7,1,3
1600435920.0,recreation_etc,791,,,WITH_ONE,2,3,home,7,1,3
1600435980.0,recreation_etc,791,,,WITH_ONE,2,3,home,7,1,3
1600436040.0,recreation_etc,791,,,WITH_ONE,2,3,home,7,1,3
1600436100.0,recreation_etc,791,,,WITH_ONE,2,3,home,7,1,3
1600436160.0,recreation_etc,791,,,WITH_ONE,2,3,home,7,1,3
1600436220.0,recreation_etc,791,,,WITH_ONE,2,3,home,7,1,3
1600436280.0,recreation_etc,791,,,WITH_ONE,2,3,home,7,1,3
1600436340.0,recreation_etc,791,,,WITH_ONE,2,3,home,7,1,3
1600436400.0,recreation_etc,791,,,WITH_ONE,2,3,home,7,1,3
1600436460.0,recreation_etc,791,,,WITH_ONE,2,3,home,7,1,3
1600436520.0,recreation_etc,791,,,WITH_ONE,2,3,home,7,1,3
1600436580.0,recreation_etc,791,,,WITH_ONE,2,3,home,7,1,3
1600436640.0,recreation_etc,791,,,WITH_ONE,2,3,home,7,1,3
1600436700.0,recreation_etc,791,,,WITH_ONE,2,3,home,7,1,3
1600436760.0,recreation_etc,791,,,WITH_ONE,2,3,home,7,1,3
1600436820.0,recreation_etc,791,,,WITH_ONE,2,3,home,7,1,3
1600436880.0,recreation_etc,791,,,WITH_ONE,2,3,home,7,1,3
1600436940.0,recreation_etc,791,,,WITH_ONE,2,3,home,7,1,3
1600437000.0,recreation_etc,791,,,WITH_ONE,2,3,home,7,1,3
1600437060.0,recreation_etc,791,,,WITH_ONE,2,3,home,7,1,3
1600437120.0,recreation_etc,791,,,WITH_ONE,2,3,home,7,1,3
1600437180.0,recreation_etc,791,,,WITH_ONE,2,3,home,7,1,3
1600437240.0,recreation_etc,791,,,WITH_ONE,2,3,home,7,1,3
1600437300.0,recreation_etc,791,,,WITH_ONE,2,3,home,7,1,3
1600437360.0,recreation_etc,791,,,WITH_ONE,2,3,home,7,1,3
1600437420.0,recreation_etc,791,,,WITH_ONE,2,3,home,7,1,3
1600437480.0,recreation_etc,791,,,WITH_ONE,2,3,home,7,1,3
1600437540.0,recreation_etc,791,,,WITH_ONE,2,3,home,7,1,3
1600437600.0,recreation_etc,791,,,WITH_ONE,2,3,home,7,1,3
1600437660.0,recreation_etc,791,,,WITH_ONE,2,3,home,7,1,3
1600437720.0,recreation_etc,791,,,WITH_ONE,2,3,home,7,1,3
1600437780.0,recreation_etc,791,,,WITH_ONE,2,3,home,7,1,3
1600437840.0,recreation_etc,791,,,WITH_ONE,2,3,home,7,1,3
1600437900.0,recreation_etc,791,,,WITH_ONE,2,3,home,7,1,3
1600437960.0,recreation_etc,791,,,WITH_ONE,2,3,home,7,1,3
1600438020.0,recreation_etc,791,,,WITH_ONE,2,3,home,7,1,3
1600438080.0,recreation_etc,791,,,WITH_ONE,2,3,home,7,1,3
1600438140.0,recreation_etc,791,,,WITH_ONE,2,3,home,7,1,3
1600438200.0,recreation_etc,791,,,WITH_ONE,2,3,home,7,1,3
1600438260.0,recreation_etc,791,,,WITH_ONE,2,3,home,7,1,3
1600438320.0,recreation_etc,791,,,WITH_ONE,2,3,home,7,1,3
1600438380.0,recreation_etc,791,,,WITH_ONE,2,3,home,7,1,4
1600438440.0,recreation_etc,791,,,WITH_ONE,2,3,home,7,1,2
1600438500.0,recreation_etc,791,,,WITH_ONE,2,3,home,7,1,2
1600438560.0,recreation_etc,791,,,WITH_ONE,2,3,home,7,1,2
1600438620.0,recreation_etc,791,,,WITH_ONE,2,3,home,7,1,4
1600438680.0,recreation_etc,791,,,WITH_ONE,2,3,home,7,1,4
1600438740.0,recreation_etc,791,,,WITH_ONE,2,3,home,7,1,3
1600438800.0,recreation_etc,791,,,WITH_ONE,2,3,home,7,1,3
1600438860.0,recreation_etc,791,,,WITH_ONE,2,3,home,7,1,3
1600438920.0,recreation_etc,791,,,WITH_ONE,2,3,home,7,1,3
1600438980.0,recreation_etc,791,,,WITH_ONE,2,3,home,7,1,3
1600439040.0,recreation_etc,791,,,WITH_ONE,2,3,home,7,1,3
1600439100.0,recreation_etc,791,,,WITH_ONE,2,3,home,7,1,3
1600439160.0,recreation_etc,791,,,WITH_ONE,2,3,home,7,1,3
1600439220.0,recreation_etc,791,,,WITH_ONE,2,3,home,7,1,3
1600439280.0,recreation_etc,791,,,WITH_ONE,2,3,home,7,1,3
1600439340.0,recreation_etc,791,,,WITH_ONE,2,3,home,7,1,3
1600439400.0,recreation_etc,791,,,WITH_ONE,2,3,home,7,1,3
1600439460.0,recreation_etc,791,,,WITH_ONE,2,3,home,7,1,3
1600439520.0,recreation_etc,791,,,WITH_ONE,2,3,home,7,1,3
1600439580.0,recreation_etc,791,,,WITH_ONE,2,3,home,7,1,3
1600439640.0,recreation_etc,791,,,WITH_ONE,2,3,home,7,1,3
1600439700.0,recreation_etc,791,,,WITH_ONE,2,3,home,7,1,3
1600439760.0,recreation_etc,791,,,WITH_ONE,2,3,home,7,1,3
1600439820.0,recreation_etc,791,,,WITH_ONE,2,3,home,7,1,3
1600439880.0,recreation_etc,791,,,WITH_ONE,2,3,home,7,1,3
1600439940.0,recreation_etc,791,,,WITH_ONE,2,3,home,7,1,3
1600440000.0,recreation_etc,791,,,WITH_ONE,2,3,home,7,1,3
1600440060.0,recreation_etc,791,,,WITH_ONE,2,3,home,7,1,3
1600440120.0,recreation_etc,791,,,WITH_ONE,2,3,home,7,1,3
1600440180.0,recreation_etc,791,,,WITH_ONE,2,3,home,7,1,3
1600440240.0,recreation_etc,791,,,WITH_ONE,2,3,home,7,1,3
1600440300.0,recreation_etc,791,,,WITH_ONE,2,3,home,7,1,3
1600440360.0,recreation_etc,791,,,WITH_ONE,2,3,home,7,1,3
1600440420.0,recreation_etc,791,,,WITH_ONE,2,3,home,7,1,3
1600440480.0,recreation_etc,791,,,WITH_ONE,2,3,home,7,1,3
1600440540.0,recreation_etc,791,,,WITH_ONE,2,3,home,7,1,3
1600440600.0,recreation_etc,791,,,WITH_ONE,2,3,home,7,1,3
1600440660.0,recreation_etc,791,,,WITH_ONE,2,3,home,7,1,3
1600440720.0,recreation_etc,791,,,WITH_ONE,2,3,home,7,1,3
1600440780.0,recreation_etc,791,,,WITH_ONE,2,3,home,7,1,3
1600440840.0,recreation_etc,791,,,WITH_ONE,2,3,home,7,1,3
1600440900.0,recreation_etc,791,,,WITH_ONE,2,3,home,7,1,3
1600440960.0,recreation_etc,791,,,WITH_ONE,2,3,home,7,1,3
1600441020.0,recreation_etc,791,,,WITH_ONE,2,3,home,7,1,3
1600441080.0,recreation_etc,791,,,WITH_ONE,2,3,home,7,1,3
